concept,intro
menkaure pyramid,"Introduction of Menkaure Pyramid: The Menkaure Pyramid is the smallest of the three main pyramids of Giza, located on the Giza Plateau in Egypt. Built during the Fourth Dynasty of the Old Kingdom (circa 2510 BCE), it serves as the tomb of Pharaoh Menkaure. The pyramid stands at approximately 65 meters (213 feet) in height, significantly smaller than the pyramids of Khufu and Khafre, but it is unique for its construction materials—its lower sections were clad in granite rather than the usual limestone. The pyramid complex includes a mortuary temple, a causeway, and three smaller subsidiary pyramids, possibly for Menkaure’s queens. Historical records suggest that Menkaure’s pyramid was left unfinished upon his death and later completed by his successor. In modern times, the pyramid remains an important archaeological site and a symbol of Egypt’s rich history. According to legends, Menkaure was a kind and just ruler, contrasting with the harsh reputation of his predecessors."
Nefertiti,"Introduction of Nefertiti: Nefertiti was an Egyptian queen renowned for her beauty, power, and influence during the 14th century BCE. She was the Great Royal Wife of Pharaoh Akhenaten and played a crucial role in the religious revolution that established the worship of the sun god Aten. Nefertiti and Akhenaten ruled during the Amarna Period (circa 1353–1336 BCE), a time of significant cultural and artistic change. She is best known from the famous bust discovered in 1912, which showcases her elegance and is considered a masterpiece of ancient Egyptian art. Some historians believe she may have ruled independently or as a co-regent after Akhenaten’s death. Nefertiti remains a symbol of feminine power and beauty in Egyptian culture, and her legacy endures in modern Egypt and global popular culture. Legends suggest she was either an equal to Akhenaten in governance or even ruled as Pharaoh under a different name. Her disappearance from historical records remains one of ancient Egypt’s greatest mysteries."
pyramid of Djosr,"Introduction of Pyramid of Djoser: The Pyramid of Djoser, also known as the Step Pyramid, is an ancient Egyptian pyramid located in Saqqara, near modern-day Cairo. Built during the 27th century BCE, it is the earliest known pyramid and marks a significant evolution in Egyptian architecture. Designed by the architect Imhotep for Pharaoh Djoser of the Third Dynasty, the structure consists of six stacked mastabas (rectangular tombs) and originally stood at approximately 60 meters (197 feet). Unlike later pyramids, it was constructed using limestone blocks and introduced the concept of monumental stone architecture in Egypt. The pyramid complex includes courtyards, temples, and a large surrounding wall, reflecting its religious and ceremonial significance. As the first large-scale stone structure in history, the Pyramid of Djoser laid the foundation for future pyramids, including those at Giza. It remains an important symbol of Egypt’s architectural ingenuity and continues to attract historians and tourists. According to legend, Imhotep, the pyramid’s architect, was later deified as the god of wisdom and medicine, highlighting the structure’s enduring legacy."
Ramessum,"Introduction of Ramesseum: The Ramesseum is the mortuary temple of Pharaoh Ramses II, located on the west bank of the Nile near Luxor, Egypt. Built during the 13th century BCE in the 19th Dynasty of the New Kingdom, this grand temple was dedicated to the pharaoh’s legacy and the god Amun. The Ramesseum is renowned for its colossal statues of Ramses II, including a fallen 20-meter (65-foot) seated statue, as well as its intricate reliefs depicting famous events such as the Battle of Kadesh. The temple complex once featured courtyards, pylons, and storerooms, though much of it now lies in ruins. Historically, it symbolized Ramses II’s power and divine status. In modern times, the Ramesseum continues to be an important archaeological site and a major tourist attraction. Legends suggest that the temple inspired the poem *Ozymandias* by Percy Bysshe Shelley, which reflects on the impermanence of human achievements."
Ramses II Red Granite Statue,"Introduction of Ramses II Red Granite Statue: The Ramses II Red Granite Statue is a massive sculpture of Pharaoh Ramses II, one of ancient Egypt’s most powerful rulers. Originally located in the temple complex of Ptah in Memphis, Egypt, this colossal statue was carved from red granite and stands approximately 10 meters (33 feet) tall. Dating back to the 13th century BCE, during the 19th Dynasty of the New Kingdom, the statue was created to honor Ramses II’s legacy and divine status. The statue is notable for its detailed craftsmanship, showcasing the pharaoh’s strong features, royal headdress, and inscriptions that glorify his reign. Over time, the statue was rediscovered and later relocated to Ramses Square in Cairo before being moved to the Grand Egyptian Museum, where it remains a prominent exhibit. It serves as a symbol of Egypt’s grandeur and Ramses II’s enduring influence. According to legends, the sheer size and imposing presence of the statue were meant to project the pharaoh’s dominance, reinforcing his image as a god-king among his people."
sphinx,"Introduction of the Sphinx: The Sphinx is an iconic limestone statue located on the Giza Plateau in Egypt, near the Great Pyramids. Carved from a single block of limestone, it features the body of a lion and the head of a human, believed to represent Pharaoh Khafre. Dating back to the Old Kingdom, around 2500 BCE, the Great Sphinx of Giza is the largest and oldest known monumental sculpture in Egypt, measuring approximately 73 meters (240 feet) long and 20 meters (66 feet) high. The statue has suffered erosion over thousands of years, and its missing nose remains a mystery. Historically, the Sphinx served as a guardian of the pyramids, symbolizing strength and wisdom. In modern Egypt, it remains a cultural and national symbol, attracting millions of visitors. According to legend, the ""Dream Stele,"" placed between its paws, tells the story of Prince Thutmose IV, who, after falling asleep beneath the Sphinx, was promised kingship in exchange for clearing the sand engulfing the statue. The Sphinx continues to inspire fascination, with theories about hidden chambers and its true origins sparking debate among historians and archaeologists."
Statue of king Zoser,"Introduction of the Statue of King Zoser: The Statue of King Zoser is one of the earliest known life-sized statues from ancient Egypt, depicting Pharaoh Djoser (Zoser), the ruler of the 3rd Dynasty (circa 2670 BCE). It was discovered in the serdab (a small enclosed chamber) of Djoser’s Step Pyramid complex in Saqqara, Egypt. The statue, carved from limestone and originally painted, portrays the pharaoh seated on a throne wearing the traditional nemes headdress and a false beard, signifying his divine status. As the oldest known Egyptian royal statue, it reflects early artistic styles and religious beliefs of the Old Kingdom. The statue played a significant role in funerary practices, serving as a vessel for Djoser’s ka (spiritual essence) in the afterlife. Today, it is housed in the Egyptian Museum in Cairo, where it remains a valuable artifact representing the evolution of Egyptian sculpture. According to ancient beliefs, the statue ensured the eternal presence of the king’s soul, reinforcing his divine connection to the gods and securing his place in history."
Statue of Tutankhamun with Ankhesenamun,"Introduction of the Statue of Tutankhamun with Ankhesenamun: The Statue of Tutankhamun with Ankhesenamun is a remarkable artifact from ancient Egypt, depicting the young Pharaoh Tutankhamun and his wife, Ankhesenamun. Dating back to the 18th Dynasty (circa 1332–1323 BCE), this statue exemplifies the artistic style and royal iconography of the Amarna and post-Amarna periods. The statue, discovered in the ruins of Thebes and possibly originating from the Karnak or Luxor temple complex, showcases the pharaoh and his queen in a loving embrace or standing side by side, symbolizing their divine union and royal power.  

The history of the statue is closely linked to Tutankhamun's short but historically significant reign, during which he restored traditional Egyptian religious practices following the radical reforms of Akhenaten. Ankhesenamun, the daughter of Akhenaten and Nefertiti, played a crucial role in court politics after Tutankhamun's untimely death, as evidenced by her correspondence with foreign rulers seeking a new husband from outside Egypt.  

This statue holds great cultural significance, reflecting the artistic revival of the period and the intimate portrayal of royal couples in Egyptian art. It also highlights the role of queens as essential partners in both religious and political life. Today, the statue is preserved as an important piece of Egypt’s artistic and historical legacy, often associated with the mysteries surrounding Tutankhamun’s life, death, and the fate of his widow. Stories and speculation about Ankhesenamun’s fate after Tutankhamun’s passing continue to intrigue historians and Egyptologists, adding an air of mystery to this remarkable artifact."
Temple of Isis in Philae,"Introduction of the Temple of Isis in Philae: The Temple of Isis in Philae is one of the most remarkable and well-preserved temples from ancient Egypt. Located on Agilkia Island in the Nile River near Aswan, the temple was originally built on Philae Island but was relocated in the 1960s due to the construction of the Aswan High Dam. It is dedicated to the goddess Isis, one of the most revered deities in Egyptian mythology, associated with motherhood, magic, and resurrection. The temple complex features grand pylons, beautifully carved reliefs, and a sacred sanctuary, making it a unique example of late Egyptian temple architecture.  

Construction of the temple began during the reign of Pharaoh Nectanebo I (380–362 BCE) of the 30th Dynasty and continued through the Ptolemaic and Roman periods. The temple became a major center of worship for Isis, attracting pilgrims from across Egypt and the Mediterranean. Even after the decline of ancient Egyptian religion, it remained a site of reverence until the 6th century CE when it was repurposed as a Christian church under Byzantine rule.  

The Temple of Isis at Philae holds immense cultural and historical significance, as it represents the transition from ancient Egyptian religious practices to Greco-Roman and later Christian influences. It was one of the last places where the old Egyptian gods were worshiped before the spread of Christianity. Today, the temple is a UNESCO World Heritage site and a major tourist attraction, drawing visitors from around the world to admire its stunning reliefs and scenic location.  

According to legend, Philae Island was believed to be the burial place of Osiris, making it a sacred site for devotees of Isis. The temple's reliefs depict mythological scenes, including the resurrection of Osiris by Isis, reinforcing the temple’s role as a center of devotion and pilgrimage. The temple remains an enduring symbol of Egypt’s spiritual heritage and architectural mastery."
Temple of Kom Ombo,"Introduction of the Temple of Kom Ombo: The Temple of Kom Ombo is an extraordinary ancient Egyptian temple located in the town of Kom Ombo, situated along the Nile River in Upper Egypt, about 50 km north of Aswan. What makes this temple unique is its dual dedication to two gods: Sobek, the crocodile-headed god associated with fertility and protection, and Horus the Elder (Haroeris), the falcon-headed god linked to kingship and healing. This rare double-temple design features two parallel sanctuaries, halls, and courtyards, mirroring each other symmetrically.  

The temple was built during the Ptolemaic period, primarily under Ptolemy VI Philometor (180–145 BCE), with additions made by later rulers, including the Romans. It was strategically located near the Nile, where crocodiles were once abundant, reinforcing the worship of Sobek as a protective deity. Despite being partially damaged over time by erosion, earthquakes, and later reuse of its stones, many of its impressive reliefs and inscriptions remain intact.  

Culturally, the Temple of Kom Ombo was significant as a religious and medical center. The temple complex housed an ancient healing shrine and a collection of surgical tools carved into the walls, suggesting that priests performed medical treatments there. Additionally, the nearby Crocodile Museum displays mummified crocodiles, reflecting the deep reverence ancient Egyptians had for Sobek.  

A notable legend associated with Kom Ombo involves Sobek’s role as a protector of the people from the dangers of the Nile, particularly crocodiles. The dual nature of the temple also symbolized the balance between the forces of chaos (Sobek) and order (Horus), a key theme in Egyptian mythology. Today, the Temple of Kom Ombo is a popular tourist site, drawing visitors who admire its intricate carvings, symmetrical layout, and fascinating blend of religious symbolism."
The Great Temple of Ramesses II,"Introduction of The Great Temple of Ramesses II: The Great Temple of Ramesses II, also known as the Ramesseum, is an ancient Egyptian temple complex located on the west bank of the Nile River near Luxor, in the Valley of the Kings. It was built during the reign of Ramesses II, also known as Ramesses the Great, who ruled from 1279 to 1213 BCE. The temple is dedicated to the deified Ramesses II, as well as to the god Amun, and it was constructed to serve as both a monumental tomb and a place of worship.

The Ramesseum is notable for its vast scale and grandeur, designed to commemorate the king’s military victories and divine status. The most famous feature of the temple is a colossal statue of Ramesses II, originally 17 meters high, which is now in ruins but once stood as a symbol of the king’s god-like power. The temple complex includes a large courtyard, pylons, halls, and several statues, many of which depict the king’s accomplishments in battle and his relationship with the gods. The walls of the temple are adorned with detailed reliefs that tell stories of Ramesses II’s military campaigns, especially his celebrated victory at the Battle of Kadesh.

The Great Temple of Ramesses II holds significant cultural importance both in ancient Egypt and in modern times. It served as a center for religious rituals and a symbol of the power and divine right of the pharaoh. The temple’s inscriptions and artwork offer valuable insights into the political, military, and religious life of the time. In the modern era, the Ramesseum stands as a testament to the grandeur of Egypt’s New Kingdom period and attracts visitors from around the world, who come to admire its impressive ruins and historical significance.

One of the most enduring legends surrounding the temple is the idea that Ramesses II himself commissioned its construction as part of his efforts to immortalize his reign and ensure his place among the gods. Some folklore also ties the collapse of his colossal statue to the destructive forces of time and nature, suggesting that the statue's fall represents the inevitable decline of even the greatest rulers. Today, the site continues to inspire awe and wonder, not only as an architectural marvel but also as a reflection of the enduring legacy of Egypt’s ancient civilization."
Akhenaten,"Akhenaten was a pharaoh of ancient Egypt's 18th Dynasty, reigning from approximately 1353 to 1336 BCE. Originally named Amenhotep IV, he is renowned for introducing significant religious reforms, most notably the worship of Aten, the sun disk, which marked a departure from Egypt's traditional polytheistic beliefs. 

In the fifth year of his reign, Akhenaten established a new capital city called Akhetaten, known today as Amarna, located on the east bank of the Nile River. This city was dedicated to the worship of Aten and was distinct for its unique architectural style and urban planning. 


Akhenaten's reign is characterized by a radical shift in religious practices, moving from the traditional worship of multiple deities to a focus on Aten. This period also saw changes in artistic expression, with more naturalistic and individualized depictions in art. However, after Akhenaten's death, his successors, including Tutankhamun, reverted to the traditional religious practices, and many of Akhenaten's reforms were undone. 


Culturally, Akhenaten's attempt to transform Egypt's religious landscape was unprecedented. While his monotheistic experiment was short-lived, it has been the subject of extensive study and debate among historians and scholars. In modern times, Akhenaten is often viewed as a visionary or a heretic, reflecting the complexity and impact of his reign. 

One of the most enduring stories associated with Akhenaten is his relationship with his queen, Nefertiti. Together, they are often depicted in art and inscriptions, showcasing a partnership that was both political and spiritual. Their reign has inspired numerous tales and speculations, particularly regarding the mysterious disappearance of Nefertiti from historical records and the subsequent fate of Akhenaten's lineage. 
"
"Amenhotep III and Queen Tiye
","Amenhotep III, also known as Amenhotep the Magnificent, was the ninth pharaoh of Egypt's Eighteenth Dynasty, reigning from approximately 1386 to 1349 BCE. His reign is often regarded as a pinnacle of ancient Egyptian civilization, marked by unprecedented prosperity, artistic flourishing, and extensive diplomatic relations. Queen Tiye, his Great Royal Wife, played a significant role in his reign and was known for her intelligence and influence.


Amenhotep III's reign was centered in Thebes, the capital of ancient Egypt during the New Kingdom period. He commissioned numerous monumental structures, including the Luxor Temple and his mortuary temple, which was once guarded by the Colossi of Memnon—two massive statues that still stand today on the west bank of the Nile near Luxor. These constructions are celebrated for their grand scale and architectural innovation. 

Amenhotep III ascended to the throne around 1386 BCE and ruled for approximately 39 years. His reign is often considered the zenith of the Eighteenth Dynasty, a period characterized by stability, wealth, and cultural development.
During his reign, Amenhotep III maintained Egypt's wealth and power through diplomacy and strategic marriages, including alliances with Mitanni, Babylon, and Arzawa. He married Tiye, who was not of royal blood, indicating a shift in royal marriage practices. Queen Tiye was highly influential, participating in state affairs and correspondence with foreign leaders. Their son, Akhenaten, would later introduce significant religious reforms. 
The reign of Amenhotep III is noted for its artistic and architectural achievements. Art from this period exhibits a refined elegance, with detailed and lifelike representations. The construction of monumental structures, such as the Luxor Temple and the Colossi of Memnon, exemplifies the architectural advancements of the time. Queen Tiye's prominent role set a precedent for the status of royal women in subsequent periods.


The Colossi of Memnon, the massive statues of Amenhotep III, became legendary in antiquity. Following an earthquake in 27 BCE, one of the statues was reported to emit a musical sound at dawn, which was believed to be the voice of Memnon, a hero of the Trojan War, greeting his mother, Eos. This phenomenon attracted visitors from across the Roman Empire, including Emperor Hadrian. The exact cause of the sound remains a subject of speculation, with theories ranging from temperature-induced expansion to the movement of air through the statue's cracks."
The Bent Pyramid,"The Bent Pyramid is an ancient Egyptian pyramid located at the royal necropolis of Dahshur, approximately 40 kilometers south of Cairo. Commissioned by Pharaoh Sneferu, the founder of the Fourth Dynasty, it is notable for its unique shape, featuring a change in angle from 54 degrees at the base to 43 degrees near the top, giving it a distinctive ""bent"" appearance. 

Constructed around 2600 BC during the Old Kingdom period, the Bent Pyramid represents a transitional form in the evolution of pyramid architecture, bridging the gap between the earlier step pyramids and the later smooth-sided pyramids. Its initial steep angle was reduced midway through construction, likely due to structural concerns, resulting in its characteristic bent profile. 

Historically, the Bent Pyramid is significant as it reflects the ancient Egyptians' experimentation with pyramid construction techniques. The adjustment in its angle suggests that builders recognized potential stability issues and adapted their methods accordingly. This pyramid, along with Sneferu's other projects, laid the groundwork for future advancements in pyramid design. 

Culturally, the Bent Pyramid holds importance as part of Sneferu's extensive building program, which included multiple pyramid constructions. It contributes to our understanding of the development of royal mortuary complexes and the architectural innovations of ancient Egypt. In modern times, the Bent Pyramid was opened to visitors in 2019, allowing the public to explore its interior chambers and appreciate its historical significance firsthand. 

While there are no widely known legends specifically associated with the Bent Pyramid, its unique form has intrigued scholars and visitors alike, symbolizing the ingenuity and adaptability of ancient Egyptian builders."
Bust of Ramesses II,"The Bust of Ramesses II, also known as the ""Younger Memnon,"" is a monumental sculpture originating from the Ramesseum, the mortuary temple of Pharaoh Ramesses II in Thebes, Upper Egypt. Carved from pink and grey granite, the bust stands approximately 2.5 meters tall and weighs around 7.25 tons. It depicts Ramesses II adorned with the nemes headcloth and a circlet of uraei, symbolizing his royal status. 

Created during the 19th Dynasty of Egypt's New Kingdom, around 1270 BC, the bust was part of a pair that flanked the entrance to the Ramesseum. The statue's colossal size and craftsmanship exemplify the grandeur of Ramesses II's reign, who is often regarded as one of Egypt's most powerful and celebrated pharaohs. 

In the early 19th century, the bust was transported to England and became a prominent exhibit at the British Museum in London, where it remains today. Its relocation was a significant event in the history of Egyptology, sparking interest and study of ancient Egyptian civilization in Europe. 

Culturally, the bust serves as a testament to the artistic and engineering prowess of ancient Egypt. It has become an iconic representation of Ramesses II's legacy and the broader achievements of Egyptian civilization. In modern times, it continues to attract scholars and visitors, symbolizing the enduring fascination with Egypt's rich history.

While there are no specific legends associated with the bust itself, its imposing presence and historical significance have inspired literary references, most notably in Percy Bysshe Shelley's poem ""Ozymandias,"" which reflects on the impermanence of human achievements."
The Colossal Statue of Ramesses II,"The Colossal Statue of Ramesses II is a monumental sculpture from ancient Egypt, originally located near the Great Temple of Ptah in Memphis. Carved from limestone, the statue measures approximately 10 meters (33.8 feet) in length, even though it lacks its feet. Discovered in 1820 by Italian explorer Giovanni Battista Caviglia, it is currently displayed in a prone position due to its incomplete state. 

Created during the 19th Dynasty of Egypt's New Kingdom, around 1279–1213 BC, the statue exemplifies the grandeur of Ramesses II's reign. Known for commissioning numerous colossal statues, Ramesses II sought to project his power and divine association through such monumental art.

The statue's discovery in the 19th century contributed significantly to Egyptology, offering insights into ancient Egyptian art and royal iconography. Today, it remains a focal point for visitors to Memphis, symbolizing the enduring legacy of Ramesses II and ancient Egyptian civilization.

While there are no specific legends associated with this particular statue, its imposing presence continues to inspire awe and admiration, reflecting the artistic and cultural achievements of ancient Egypt."
The Colossi of Memnon,"The Colossi of Memnon are two monumental stone statues located on the west bank of the Nile River, near Luxor, Egypt. Each statue stands approximately 18 meters (59 feet) tall and depicts Pharaoh Amenhotep III seated, hands resting on his knees, gazing eastward toward the Nile. Carved from quartzite sandstone quarried near modern-day Cairo, these statues were transported over 675 kilometers to their current location. 

Erected around 1350 BC during the 18th Dynasty, the Colossi originally flanked the entrance to Amenhotep III's mortuary temple, which was among the largest in ancient Egypt. Over time, annual Nile floods and the repurposing of building materials by subsequent rulers led to the temple's decline, leaving the Colossi as prominent remnants. 

In the classical era, the northern statue became famous for a phenomenon known as the ""singing"" or ""vocal Memnon."" Following an earthquake in 27 BC, the statue emitted a musical tone at dawn, likely due to rising temperatures causing dew inside the porous stone to evaporate. Ancient Greeks associated this sound with Memnon, a hero of the Trojan War, believing the statue to be his image. The phenomenon ceased after repairs in the 3rd century AD. 

Today, the Colossi of Memnon remain significant cultural landmarks, attracting visitors who marvel at their scale and historical context. They stand as enduring symbols of ancient Egyptian artistry and the enduring legacy of Pharaoh Amenhotep III."
The goddess Isis,"The depiction of the goddess Isis nursing her child Horus is a prominent motif in ancient Egyptian art, symbolizing motherhood, protection, and rebirth. This imagery portrays Isis seated, often on a throne, breastfeeding her son Horus, who sits on her lap. Isis is typically adorned with a throne-shaped hieroglyph on her head, representing her name, and sometimes wears a vulture head-covering reserved for queens and goddesses. 

These representations date back to the Late Period of ancient Egypt (664–332 BC) and continued into the Ptolemaic Period. The image of Isis suckling Horus was a powerful symbol of rebirth that was carried into the Ptolemaic period and later transferred to Rome, where the cult of the goddess was established. 

Historically, Isis was revered as the goddess of fertility and motherhood. The statuettes of Isis nursing Horus were believed to offer protection to the newborn and alleviate anxieties related to childbirth. 

Culturally, the image of Isis nursing Horus transcended Egyptian borders, influencing later artistic representations. This motif was carried into the Ptolemaic period and later transferred to Rome, where the cult of the goddess was established. 

One notable legend associated with this imagery is the story of Isis resurrecting her husband Osiris and conceiving Horus. After Osiris was murdered by his brother Set, Isis gathered his body parts and used her magic to restore him to life, allowing her to conceive their son, Horus. This tale underscores themes of resurrection and the enduring bond between mother and child.

The depiction of Isis nursing Horus is a profound symbol in ancient Egyptian culture, embodying themes of motherhood, protection, and rebirth. Its influence extended beyond Egypt, leaving a lasting imprint on subsequent cultural and religious iconography."
Hatshepsut,"Hatshepsut was the sixth pharaoh of Egypt's Eighteenth Dynasty, reigning from approximately 1479 to 1458 BC. She was the daughter of Thutmose I and his Great Royal Wife, Ahmose. Upon the death of her half-brother and husband, Thutmose II, she initially served as regent for her stepson, Thutmose III, who was a minor at the time. Eventually, Hatshepsut assumed the full powers of pharaoh, co-ruling with Thutmose III. 

To legitimize her rule in a male-dominated society, Hatshepsut adopted traditional male regalia and was often depicted with masculine attributes in statues and reliefs. Her reign was marked by prosperity and extensive building projects, including the construction of her mortuary temple at Deir el-Bahari, renowned for its architectural grandeur. She also re-established important trade networks, notably sending an expedition to the Land of Punt, which brought back valuable goods such as myrrh and frankincense. 

After her death, efforts were made to erase Hatshepsut from historical records. Her images were defaced, and her monuments were altered or attributed to other pharaohs, possibly to reinforce the traditional male succession line. Despite these attempts, modern archaeology has restored her legacy, recognizing her as one of Egypt's most successful and innovative rulers. 

In contemporary times, Hatshepsut's story serves as a testament to female leadership and resilience. Her achievements are celebrated as part of Egypt's rich history, inspiring discussions on gender roles and the complexities of historical narratives. 
"
The Hatshepsut Temple,"The Hatshepsut Temple, also known as the Mortuary Temple of Hatshepsut or Djeser-Djeseru (""Holy of Holies""), is a remarkable ancient structure located in Deir el-Bahari on the west bank of the Nile River, opposite Luxor in Upper Egypt. This terraced temple is renowned for its harmonious integration into the surrounding cliffs and is considered a masterpiece of ancient architecture. 

Constructed during the reign of Pharaoh Hatshepsut in the Eighteenth Dynasty (circa 1479–1458 BC), the temple was built between her seventh and twentieth regnal years. Its design was heavily influenced by the adjacent Temple of Mentuhotep II, built six centuries earlier, yet it introduced unique architectural elements that set it apart. 

The temple's construction involved multiple modifications to its design over time. Its three massive terraces rise above the desert floor, leading into the cliffs of Deir el-Bahari. The central axis of the temple was dedicated to the sanctuary of the barque of Amun-Re, while shrines to Hathor and Anubis were located on the middle terrace. Notable reliefs within the temple depict the expedition to the Land of Punt and the divine birth of Hatshepsut, underscoring her legitimacy as pharaoh. 

The Hatshepsut Temple stands as a testament to the architectural innovation and artistic achievements of ancient Egypt. It reflects the political and religious ideologies of Hatshepsut's reign, emphasizing her divine birth and right to rule. In modern times, the temple is a significant archaeological site, attracting scholars and tourists alike, and contributing to our understanding of ancient Egyptian civilization.

One of the most famous legends associated with the temple is the depiction of Hatshepsut's divine birth. Reliefs within the temple narrate that the god Amun-Re fathered Hatshepsut, legitimizing her claim to the throne. Additionally, the temple's reliefs detail the expedition to the Land of Punt, an ancient trading partner, highlighting the prosperity and far-reaching trade networks during Hatshepsut's reign. 

Recent archaeological discoveries near the temple have unearthed rock-cut tombs and burial shafts dating back 3,600 years, providing further insights into the period's funerary practices. 

In summary, the Hatshepsut Temple is not only an architectural marvel but also a cultural and historical emblem of ancient Egypt, offering profound insights into the era's religious beliefs, artistic expression, and political narratives.


"
The Khafre Pyramid,"The Khafre Pyramid, also known as the Pyramid of Chephren, is the second-largest pyramid on the Giza Plateau in Egypt. Located southwest of the Great Pyramid of Khufu, it is distinguished by a portion of its original Tura limestone casing that remains intact at the apex, giving the illusion of greater height compared to its neighbor. Constructed around 2550 BC during Egypt's Fourth Dynasty, the pyramid originally stood at 143.5 meters (471 feet) but now reaches approximately 136.4 meters (448 feet) due to erosion and the removal of its outer casing. Its base spans 215.5 meters (706 feet), and it is built from massive limestone blocks, each weighing over two tons. The pyramid's slope rises at a 53°10' angle, slightly steeper than that of the Great Pyramid. 

The construction of the Khafre Pyramid showcases the advanced engineering skills of ancient Egyptian builders. Situated on bedrock 10 meters (33 feet) higher than the Great Pyramid, it appears taller despite being slightly smaller in actual height. The core structure incorporates a natural rock outcrop, reducing the amount of material needed. The lower courses feature large limestone blocks, while higher sections utilize progressively smaller stones. Notably, the upper part retains some of its original casing stones, offering insight into the pyramid's pristine appearance. 

Historically, the pyramid was first explored in modern times by Giovanni Belzoni in 1818, who discovered the original entrance on the north side. Inside, he found an empty sarcophagus with a broken lid in the burial chamber. Subsequent explorations by John Perring in 1837 and Auguste Mariette in the mid-19th century further examined the structure and its associated temples. Mariette's excavations led to the discovery of a diorite statue of Khafre, now housed in the Egyptian Museum in Cairo. 

Culturally, the Khafre Pyramid is part of a larger mortuary complex that includes the Great Sphinx and the Valley Temple. These structures reflect the religious and political significance of the pharaoh's role as both a divine and earthly leader. The alignment and construction of the pyramid complex demonstrate the ancient Egyptians' advanced understanding of astronomy, engineering, and art.

One of the most enduring legends associated with the Khafre Pyramid is its connection to the Great Sphinx, which is believed to bear the likeness of Pharaoh Khafre. The Sphinx has inspired numerous myths and stories throughout history, symbolizing mystery and the enduring legacy of ancient Egypt.

Today, the Khafre Pyramid remains a focal point for tourists and scholars alike, offering insights into ancient Egyptian civilization and its architectural prowess. Its enduring presence on the Giza Plateau continues to captivate the imagination of people worldwide."
The Mask of Tutankhamun,"The Mask of Tutankhamun is a renowned funerary artifact from ancient Egypt, discovered in 1925 within the young pharaoh's tomb in the Valley of the Kings. This exquisite mask, currently housed in the Egyptian Museum in Cairo, is celebrated for its intricate craftsmanship and historical significance.

The mask was found covering the face of Tutankhamun's mummy inside his tomb (KV62) in the Valley of the Kings. Measuring 54 centimeters in height and weighing over 10 kilograms, it is crafted from gold and adorned with semi-precious stones such as lapis lazuli, carnelian, and turquoise. The mask portrays the pharaoh wearing the nemes headdress, a false beard, and a broad collar, embodying the divine visage of Osiris, the god of the afterlife. A spell from the Book of the Dead is inscribed in hieroglyphs on its shoulders. 

Tutankhamun reigned during the Eighteenth Dynasty of Egypt's New Kingdom, approximately from 1332 to 1323 BC. The mask was created during this period, reflecting the artistry and religious beliefs of the time.

British archaeologist Howard Carter discovered Tutankhamun's tomb in 1922, and the mask was revealed in 1925 when the innermost coffin was opened. Since its discovery, the mask has been a focal point of Egyptological studies and public fascination. In 2015, it underwent restoration after its plaited beard detached and was improperly reattached by museum staff. 

The mask is not only a masterpiece of ancient craftsmanship but also a symbol of ancient Egypt itself. It provides insight into the funerary practices, artistry, and religious beliefs of the time. The mask's discovery sparked worldwide interest in Egyptology and continues to be a major attraction for scholars and tourists alike.

Recent theories suggest that the mask may have originally been intended for Queen Nefertiti, Tutankhamun's stepmother. Evidence such as the presence of earring holes and indications of altered cartouches support this hypothesis, suggesting that the mask was repurposed for Tutankhamun's burial. 

The Mask of Tutankhamun remains one of the most iconic artifacts from ancient Egypt, encapsulating the civilization's artistic excellence and enduring allure."