,concept,questions
0,menkaure pyramid,"- Question: The structure in the image, though smaller than others in its vicinity, is distinguished by the use of a specific stone for its lower cladding. Which material was predominantly used? Options: (A) Sandstone (B) Alabaster (C) Granite (D) Basalt
- Answer: (C) Granite
"
1,Nefertiti,"- Question: The figure depicted in the image was a prominent figure during a period characterized by a shift towards the worship of which specific deity? Options: (A) Osiris, god of the afterlife (B) Ra, the traditional sun god (C) Aten, the solar disc (D) Amun, king of the gods
- Answer: (C) Aten, the solar disc
"
2,pyramid of Djosr,"- Question: The structure in the image represents an early advancement in funerary architecture. To whom was the innovative architect of this type of structure later venerated, elevating his status beyond that of a mere builder?
Options: (A) The god of the afterlife, ensuring the Pharaoh's safe passage. (B) The god of wisdom and medicine, reflecting his knowledge and skill. (C) The god of the Nile, as the structure's stability depended on the river's cycles. (D) The god of the sun, symbolizing the Pharaoh's divine right to rule.
- Answer: (B) The god of wisdom and medicine, reflecting his knowledge and skill.
"
3,Ramessum,"- Question: The temple ruins shown in the image are most closely associated with a pharaoh whose reign is best remembered for military campaigns and the construction of numerous monuments, embodying which ideal of divine kingship? Options: (A) Maintaining Ma'at through administrative reforms and peaceful diplomacy. (B) Asserting dominance through military might and monumental building projects. (C) Focusing on religious reforms and promoting monotheism. (D) Emphasizing trade and economic prosperity to establish a peaceful kingdom.
- Answer: (B) Asserting dominance through military might and monumental building projects.
"
4,Ramses II Red Granite Statue,"- Question: The imposing sculpture embodies the power and divinity associated with rulers of which historical era?
Options: (A) Old Kingdom (B) Middle Kingdom (C) New Kingdom (D) Ptolemaic Kingdom
- Answer: (C) New Kingdom
"
5,sphinx,"- Question: The figure in the image, positioned near royal tombs, embodies combined attributes. Which of the following best represents the symbolic intent of this combination in its original context? Options: (A) The ephemeral power of mortal rulers challenged by the inevitable march of time. (B) The earthly strength and celestial wisdom united in a divine protector of sacred grounds. (C) The dominance of animalistic instincts over human intellect, requiring constant vigilance. (D) The subjugation of foreign cultures and the triumph of indigenous artistic expression.
- Answer: (B) The earthly strength and celestial wisdom united in a divine protector of sacred grounds.
"
6,Statue of king Zoser,"- Question: The figure in the image is depicted wearing attire that symbolizes royal authority. Which of the following elements of the figure’s attire was primarily intended to establish a divine connection and signify the ruler's status as a deity?
Options: (A) The pleated kilt (B) The broad collar necklace (C) The nemes headdress and false beard (D) The sandals worn on the feet
- Answer: (C) The nemes headdress and false beard
"
7,Statue of Tutankhamun with Ankhesenamun,"- Question: Considering the iconography and historical context suggested by the image, what religious shift did the depicted ruler most likely oversee during his reign?
Options: (A) The establishment of Aten as the supreme solar deity (B) The suppression of the cult of Amun in favor of monotheistic beliefs (C) The restoration of traditional polytheistic worship after a period of religious reform (D) The adoption of foreign deities into the Egyptian pantheon to consolidate power

- Answer: (C) The restoration of traditional polytheistic worship after a period of religious reform
"
8,Temple of Isis in Philae,"- Question: The architectural style and religious dedication of the structure in the image reflect a cultural and historical transition period where ancient Egyptian beliefs interacted with which subsequent influences?
Options: (A) Persian and Mesopotamian (B) Nubian and Axumite (C) Greco-Roman and early Christian (D) Babylonian and Assyrian
- Answer: (C) Greco-Roman and early Christian
"
9,Temple of Kom Ombo,"- Question: The structure in the image reflects a unique architectural approach in ancient Egypt. What primary concept is embodied by its design, differing from many other temples of the time? Options: (A) A single deity worshiped by multiple pharaohs. (B) A dual dedication to two distinct yet complementary divinities. (C) A complex astrological calendar system. (D) A mortuary complex for royal families and their servants.
- Answer: (B) A dual dedication to two distinct yet complementary divinities.
"
10,The Great Temple of Ramesses II,"- Question: The structure prominently features colossal statues of the pharaoh. What primary purpose did such monumental sculpture serve, beyond mere commemoration? Options: (A) To defend the temple complex from foreign invaders by frightening them with their immense size (B) To facilitate direct communication between the pharaoh and the general populace through public proclamations delivered from atop the statues (C) To reinforce the pharaoh's divine right to rule and project his power and authority to both earthly and celestial realms (D) To provide shelter and refuge for the local population during times of war and natural disaster
- Answer: (C) To reinforce the pharaoh's divine right to rule and project his power and authority to both earthly and celestial realms
"
11,Akhenaten,"- Question: The figure in the image oversaw a shift in artistic expression, moving towards more naturalistic and individualized depictions. Which of the following artistic conventions was most challenged by this shift?
Options: (A) Strict adherence to traditional idealized forms and proportions. (B) The use of hieroglyphs as the primary form of narrative. (C) The emphasis on depicting scenes from the afterlife. (D) The exclusive use of precious materials like gold and lapis lazuli in royal art.
- Answer: (A) Strict adherence to traditional idealized forms and proportions.
"
12,"Amenhotep III and Queen Tiye
","- Question: The image reflects a period where royal consorts sometimes held unprecedented influence, as evidenced by their participation in state affairs. Which of the following shifts in societal structure is most indicative of this change? Options: (A) Increased focus on military campaigns led by female pharaohs. (B) Royal marriages extending beyond traditional lineage, bolstering diplomatic ties. (C) The decline of monumental architecture and the rise of smaller, more intimate artistic styles. (D) A transition toward matrilineal succession within the royal family.
- Answer: (B) Royal marriages extending beyond traditional lineage, bolstering diplomatic ties.
"
13,The Bent Pyramid,"- Question: The structure in the image reflects an adaptation in construction technique. Which of the following cultural understandings is most directly evidenced by this adaptation?
Options: (A) A shift in religious beliefs towards sun worship requiring taller structures. (B) A practical understanding of structural engineering principles and their application. (C) A change in the preferred aesthetic style during the Old Kingdom period. (D) A response to foreign invasion threats necessitating fortified royal tombs.
- Answer: (B) A practical understanding of structural engineering principles and their application.
"
14,Bust of Ramesses II,"- Question: The sculpture shown in the image embodies the artistic conventions prevalent during which era of ancient Egyptian history?
Options: (A) The Early Dynastic Period (B) The Old Kingdom (C) The New Kingdom (D) The Late Period
- Answer: (C) The New Kingdom
"
15,The Colossal Statue of Ramesses II,"- Question: The effigy depicted was commissioned during which epoch of ancient Egyptian history?
Options: (A) Old Kingdom (B) Middle Kingdom (C) New Kingdom (D) Ptolemaic Dynasty
- Answer: (C) New Kingdom
"
16,The Colossi of Memnon,"- Question: The monolithic sculptures depicted in the image were originally part of a larger complex dedicated to a pharaoh from which dynasty?
Options: (A) 12th Dynasty (B) 18th Dynasty (C) 26th Dynasty (D) 30th Dynasty
- Answer: (B) 18th Dynasty
"
17,The goddess Isis,"- Question: The imagery of the figure depicted in the image nursing an infant is most closely associated with what concept in ancient Egyptian society?
Options: (A) The divine right of pharaohs to rule and maintain cosmic order. (B) The promise of resurrection and the afterlife achievable through devotion. (C) The power of motherhood, protection, and the cyclical nature of life and rebirth. (D) The importance of agricultural fertility and the annual flooding of the Nile River.
- Answer: (C) The power of motherhood, protection, and the cyclical nature of life and rebirth.
"
18,Hatshepsut,"- Question: The figure depicted in the image adopted certain representational conventions seemingly to reinforce what aspect of their authority?
Options: (A) Divine lineage connecting them to Amun-Ra (B) Military prowess demonstrated in foreign campaigns (C) Claim to the traditionally male role as ruler (D) Emphasis on their role as a religious high priest
- Answer: (C) Claim to the traditionally male role as ruler
"
19,The Hatshepsut Temple,"- Question: The architectural design of the structure prominently features a series of ascending platforms, creating a visually striking ascent into the cliffside. Which pharaoh's reign saw the construction of this terraced marvel, intended to reflect both divine authority and architectural innovation?
Options: (A) Mentuhotep II (B) Thutmose III (C) Akhenaten (D) Hatshepsut
- Answer: (D) Hatshepsut
"
20,The Khafre Pyramid,"- Question: The structure in the image retains a unique feature at its peak, offering insight into its original appearance. What type of material primarily constitutes this remaining feature?
Options: (A) Polished Granite (B) Original Tura Limestone Casing (C) Mud Bricks and Plaster (D) Imported Red Quartzite

- Answer: (B) Original Tura Limestone Casing
"
21,The Mask of Tutankhamun,"- Question: The craftsmanship of the artifact shown in the image prominently incorporates which of the following materials to symbolize both royalty and the afterlife? Options: (A) Obsidian, bronze, and alabaster (B) Gold, lapis lazuli, and carnelian (C) Silver, emeralds, and granite (D) Copper, amethyst, and limestone
- Answer: (B) Gold, lapis lazuli, and carnelian
"
